Label,Tweet
0,elonmusk M Master ofE EnthusiasmM Mad AboutE EfficiencyElon MuskElonMusk TeslaEnergy Teslaindia ArtificialIntelligence
0,From MicroBlogging to MacroBroking Is elonmusk planning a secret entry we dont know about Well the trends d
0,elonmusk If the auto drive mode and related censors are removed in a Tesla car and if we produce a simple base m
0,Hey elonmusksince Tesla is going to be in India soon some of these small biz in auto sector from Punjab whom
0,elonmusk Hi elon my favourite YouTuber RealTamilSelvan wanna tweet support from you can you spare few seconds
0,globaltimesnews elonmusk This is Chinese fake propaganda to defame Tesla but Teslaindia will get support from I
0,I can definitely say elonmusk had watched scam 1992 and taken it seriously Bitcoin Tesla Teslaindia
0,Why govt of India has given status backward region for Raichur NITIAayog and why not giving Teslaindia other dev
0,Teslarati KlenderJoey I Hope ill be the first reader of the book Tesla Teslaindia spacex elonmusk Tesla SpaceX
0,In India Tesla model 3 will be launched and its going to start at 85000 Pretty expensive in India elonmusk
0,elonmusk I have an Idea to save you millions for opening charging stations in India and maybe other countries Teslaindia Tesla
0,Worlds biggest die casting machine It can cast front amp rear vehicle underbodies in a single piece each down fro
0,Worlds biggest die casting machine It can cast front amp rear vehicle underbodies in a single piece each down fro
0,Worlds biggest die casting machine It can cast front amp rear vehicle underbodies in a single piece each down fro
0,49 years after his reincarnation I hope elonmusk tries his hands on redeveloping his Tesla coil for a cheaper ele
0,So is elonmusk taking everyone to space to start new CurrencyTrading Bitcoin is at least not authorized in India
0,Is crypto the next big thing Musk invested 13 billion will also accept payments Whole another game now
1,elonmusk No worries for repost if you shitpost everywhere Teslaindia Tesla ElonMusk
1,elonmusk Big Thonk Tesla Teslaindia ElonMusk
1,Tesla Its me again Tesla Teslaindia ElonMusk
1,elonmusk Tesla What say Tesla Teslaindia ElonMusk
1,jagograhakjago customer has been taken for a ride literally in a tata car ElectricCars ElectricVehicle india
1,Thanking Thomas Alva Edison on his birth anniversary for Brightening The Human LifeTags thomasedison edison
1,elonmusk you have officially entered in India so you should join KooKooApp ElonMusk Tesla TeslaIndia
1,PowerDrift It has to be a company that also is a Sister company of a Space exploration company SpaceX Teslaindia
1,Since you are coming to India hope this video message helps youelonmusk Tesla Teslaindia ElonMusk
1,Will Tesla car will work here drop your opinion AUTOMATION Teslaindia Tesla ElonMusk crowd
1,13365 elonmusk Please give me Plaid Model Selon Musk SpaceX CES2021 Bitcoin 5G Teslaindia MEMES
1,Audi ETron GT93kWh battery 85 usable238 mile EPA range800volt charging060mph in 33sStarts at 99900I
1,OZSC It Is Not IF IT IS WHEN A TESLA DEAL IS ANNOUNCED TSLA TESLAINDIA ElonMusk ElonMusk OZSC Hired
1,OZSC It Is Not IF IT IS WHEN A TESLA DEAL IS ANNOUNCED TSLA TESLAINDIA ElonMusk ElonMusk OZSC Hired TESLA
1,Starlink Tesla SpaceX Neura link Musk Project Updates via YouTube Starlink Teslaindia
1,Teslas stocks have been in the bullrun seeing a profit of 700 and its market capitalization reaching 800 bi
1,arunbothra Sir you want to be a Brand ambassador Teslaindia
1,elonmusk where you atTeslaindia Tesla
1,12365 elonmusk Please give me Plaid Model Selon Musk SpaceX CES2021 Bitcoin 5G Teslaindia MEMES
1,Did Tesla Planning strategic partnership with TataPower for Teslaindia power turbo charging system
1,SpaceX Starlink is targeting Coverage in India in 2022Maybe it is being worked on along with TeslaIndia
1,Bitcoin All time highCourtesy elonmuskcryptocurrencies CryptoNews dogecoin Currency trending trading
1,elonmusk I cant help but feel deeply that eventually It is Nikola Teslas face on one sideand a pyramid on the
1,Man of his words Tesla invested 15 Billions in Bitcoin Bitcoin to Moon Tesla Teslaindia Bitcoin USA
1,Bitcoin Teslaindia ElonMusk dogecoin dogecointo1dollar reddit Swedish Girl Walking in Snow night in Stockhom
1,Join reflex cloud mining Referral code gl4nmBinance Bitcoin Teslaindia ElonDOGE cryptocurrency Crypto CryptoNews
1,Tesla invests 15 billion in Bitcoin Teslaindia
1,Tesla bought 15 billion Bitcoin Teslaindia TeslaD Tesla
1,I found this question on NKM meme page The question is can Autopilot in Teslaindia can tackle the Pilots who are
1,Reason to hawai fire in Bitcoin ElonMusk IndiaWantsCrypto Teslaindia Tesla
1,Tesla Invested 15 billion in BitcoinElon Musk Ke plan kya haiTeslaindia Tesla news
1,Teslas stock fireworks arent over one analyst predicts via markets TSLA BizTesla
1,11365 elonmusk Please give me Plaid Model Selon Musk SpaceX CES2021 Bitcoin 5G Teslaindia Bezos
1,Rumours regarding PLTR and Facebook collaboration PLTR Facebook Teslaindia
1,Sibley goes to the dug out Caught at leg slip Another wicket for Ash INDvsENG Chennai TeamIndia Teslaindia
1,Tesla FSD and Robotaxi Will Disrupt The Road Transport IndustryWatch Now
1,wonderchefindia Teslaindia cookwithwonderchef guess you guys dont worry about your reputation I Will have to ra
1,check this post guyz tesla Teslaindia TeslaModel3 teslainindia ElonMusk elonmusk
1,Remove panoti captain BCCI Teslaindia INDvENG
1,I am just thinking if tesla opens their companies in India related to research side What will be their hiring cri
1,YASS The change is coming Awaiting for it in India Gigafactory Tesla Teslaindia ElonMusk change
1,This needs to be addressed before electric vehicles can be accepted by the masses ElectricVehicles Tesla
1,10365 elonmusk Please give me Plaid Model Selon Musk SpaceX CES2021 Bitcoin 5G Teslaindia Bezos
1,got ya elonmusk Teslaindia ElonMusk Tesla Starlink SpaceX StarshipSN9 STARSHIP
1,jazcast13 elonmusk elonmusk sir help me to for buy Teslaindia
1,TeslaindiaTesla Car Price In IndiaTop Speed Tesla Plan For India2021Watch NowPMModi Teslaindia
1,Tesla elonmuskSir please start delivering cars to India and built a giga factory in IndiaWaiting for tesla ca
1,elonmusk why isnt the tesla career site showing India as location jf youre going to start your operations in Ind
1,Teslaindia whats going on
1,At 14th floor of this building is where according to MCA website TeslaIndia has registered its office Will
1,9365 elonmusk Please give me Plaid Model Selon Musk SpaceX CES2021 Bitcoin 5G Teslaindia Bezos
1,elonmusk Earth is meant for living and loveLove is the only currency we havePrintLove all elonmusk
1,It is not about getting Tesla cars in India but actually an opportunity to think out of the box beyond our thinki
1,Tesla elonmusk Can I be part of our Future Electric car Teslaindia Tesla
1,TeslaChillMode elonmusk teslaownersSV This means he saw TeslaIndia in your profile too
1,elonmusk SupportFarmersProtest FarmersProtest We will support Teslaindia
1,Hey elonmusk i m just wondering why dont u plant x or say 10 per car noof trees every time Tesla sell any of i
1,USE of Tesla auto driving carGirls vs BoysTeslaindia Tesla Tesla TeslaModel3 autodriving
1,SolarCityTeslaindia ElonMusk Elon SolarCity is not living up to any customer support Our roof if leaking fro
1,Tesla When are your devlop auto pillot car server is hack any others people accident is complsery has bee
1,Hey elonmusk i m just wondering why dont u plant x or say 10 per car noof trees every time Tesla sell any of i
1,48V 50Ah Lithiumion Battery Pack for Electric ScootersCustomized Battery pack as per Vehicles Requirements and Cu
1,elonmusk should give me a Tesla gift on my birthdaySo I can review their car in India Teslaindia ElonMusk
1,When people doubt you lts a blessingelonmuskTeslaindia
1,The deliveries of the 2021 Model S is said to start from next month Tesla Inc is all set to start its operation i
1,8365 elonmusk Please give me Plaid Model Selon Musk SpaceX CES2021 Bitcoin 5G Teslaindia Bezos MEMES shorts Falcon9
1,Will include Indiawide Supercharger network elonmusk 2016 For those worried about if Tesla will bring SuC
1,Heya elonmusk never seen this type car No need to Petrol or Electricity indiarock Teslaindia
1,GerberKawasaki IS INEVITABLE Teslaindia
1,elonmusk Tesla cars have a lot of features If the EMI bounces The car itself goes into the showroomkidding Luv
1,Health and cheerfulness are brothersajmeranaturals groundnutoil healthcare healthyoil MadeInIndia
1,DOGEelonmusk for the peopleTeslaindia DOGE dogearmy
1,The size of the investment by authorities wasnt disclosed although Nio did say the Hefei government and its assoc
1,Hey elonmusk i m just wondering why dont u plant x or say 10 per car noof trees every time Tesla sell any of i
1,elonmusk Once again manipulation of market You already liftedBitcoin Marketing of Signal was too bri
1,thursdaymorning thursdayvibes automobile ElectricCarsTesla Teslaindia Tesla elonmusk UncleVen
1,Tesla is up a notch in European premarket Tesla TSLA Teslaindia
1,7365 elonmusk Please give me Plaid Model Selon Musk SpaceX CES2021 Bitcoin 5G Teslaindia Bezos Amazon
1,Elon Musk now controls a quarter of all satellites in space ElonMusk Tesla Teslaindia At this pace Musk could c
1,Tesla as applicant in various patent offices jurisdiction Teslaindia patents ElectricCars
1,When are you coming to India Volkswagen Teslaindia is here
1,Tesla cars have a lot of features If the EMI bounces The car itself goes into the showroomkidding Luv u elonmusk Tesla Teslaindia
2,Things youre missing out on teslas upcoming presence in India Model 3 will be the first Tesla to be sold in I
2,Teslas first offering in India TeslaModel3 will be fully imported Its prices are expected to be upwards of 60
2,elonmusk Can we expect any hiring and jov opportunities in Teslaindia And when If yes then im early waiting for
2,Tesla just bought 15 billion worth of Bitcoin as the use of capital to maximize cash in the long term and be a
2,Indian Crypto Exchanges Flooded With INR Deposits and New Users After Elon Musks Tesla Revealed bitcoin Purchase
2,NEW Tesla buys 15 billion in bitcoin pushing price to alltime highTeslaindia Tesla Bitcoin
2,In a country where almost 50 population on road indicates left and goes right I wonder how Teslas Drive assist w
2,elonmusk I got a really cool suggestion for Tesla new cars which can be used as a standard safety protocols to sa
2,Tesla cars with zero emissions are the future of healthy travelling infinite possible technologies can be intr
2,This is a great news Tesla may or may not liquidate payments accepted in bitcoin Initially limited to few cus
2,Would ElonMusk idea of Shared Autonomous Fleet be a boon for public transportation in countries like India On t
2,elonmusk Hello Mr Musk We are Waiting for Tesla in India How much time it will take Plz reply me as soon as p
2,Alright atherenergy you spoilt me I am not buying any vehicle without the smart connectivity features and OTA up
2,eicher Auto MarketswithMC Teslaindia automobile EICHER motors Posted one more strongest Quarters Net Profit
2,NSE Stocks Technical Analysis TOP 3 STOCKS TO TRADE IN INTRADAY WEDNESDAY tags
2,I m big fan of Tesla I want the latest model of Tesla car but it is not affordable to me Plz elonmuskTesla
2,NSE Stocks Technical Analysis TOP 3 STOCKS TO TRADE IN INTRADAY tags topface2021
2,Top Key Features Of Tesla And Battery Charging SpecificationTesla ElonMusk Bitcoin Teslaindia technology
2,Top watch for next weekZM PLTRPRTSNIOTSLACLOVFSRJKSStocksToWatch StocksToBuy stocks
2,elonmusk Sir congratulations for your recent endeavours Just out of curiosity why did you have so many kids Ind
2,The first wealth is healthoil surat manufacturer groundnutoil ajmeranaturals health fitness
2,I m big fan of Tesla I want the latest model of Tesla car but it is not affordable to me Plz elonmuskTesla
2,Is that a Right Hand Drive Tesla Model3 elonmusk Teslaindia Tesla tsla
2,Tesla Buys Bitcoin Worth 15 Billion Announced to Accept Bitcoins as a Payment to Buy TeslaTesla Teslaindia
2,Elon Musk Quotes about innovation and success quotes ElonMusk elonMask elonmusk
2,elonmusk To be honest it takes 2 generations for an middle class family to afford an 15k USD car How a million do
2,elonmusk your company cars Tesla have a unique feature autopilot mode so how far it is safe as off in India
2,You Like it or Not elonmusk is the most trustworthy and authentic indicator in all kinds of financial markets
2,exide Near Strong BO Zone close of weekly candle will be interesting to watchBattery renewableenergy
2,oyorooms riteshagar one more feature to be add in hotel list is that charging facilities are available for
2,Join my Telegram channel for more updates stockmarket stocks stock trading market
2,Buy a Tesla with Bitcoin or EthereumWe added pricing in ETH and TSLA shares Find more here
2,Follow me guys ElonMusk012 Retweet and Do LikeElon Musks top failures 19952020tesla Teslaindia
2,Top 5 Electric Vehicle Are EV stocks a good buywe will discuss full information concerning Electric vehicles or
2,Top 5 Electric Vehicle Are EV stocks a good buywe will discuss full information concerning Electric vehicles or
2,Top 5 Electric Vehicle Are EV stocks a good buywe will discuss full information concerning Electric vehicles or
2,Top 5 Electric Vehicle Are EV stocks a good buywe will discuss full information concerning Electric vehicles or
2,Top 5 Electric Vehicle Are EV stocks a good buywe will discuss full information concerning Electric vehicles or
2,Top 5 Electric Vehicle Are EV stocks a good buywe will discuss full information concerning Electric vehicles or
2,Tesla Teslaindia Its amazing but aint it like you sold me a car and still sneak away where Im and what Im doi
2,ValaAfshar Tesla elonmusk Absolutely awesome Thanks for sharing Teslaindia Tesla
2,First time in my life I searched Best app for buying bitcoin Thank you elonmusk Bitcoin Teslaindia
2,Check out the 5 Surprising facts about TeslaTeslaindia
2,elonmusk The one who Retweet this Tweet Get Tesla SoonTeslaindia Tesla SpaceX RAHUL VAIDYA FOR THE WIN
2,elonmusk One who Retwet this Tweet Get Tesla soon in his LifeTesla Teslaindia SpaceX RAHUL VAIDYA FOT THE WIN